color,point_index,radius,school_id,starting_x_position,starting_y_position,ending_x_position,ending_y_position,line_x_position,line_y_position
#69c242,0,4,sch1,70,326,70,326,70,326
#cf2030,1,4,sch1,61,396,61,396,61,396
#69c242,2,4,sch1,65,398,65,398,65,398
#ff7300,3,4,sch1,87,385,87,385,87,385
#64bbe3,4,4,sch1,36,359,386,359,0,450
#cf2030,5,4,sch1,49,348,49,348,49,348
#cf2030,6,4,sch1,81,340,81,340,81,340
#69c242,7,4,sch1,91,400,91,400,91,400
#ff7300,8,4,sch1,88,354,88,354,88,354
#69c242,9,4,sch1,94,388,94,388,94,388
#69c242,10,4,sch1,37,327,37,327,37,327
#69c242,11,4,sch1,22,378,22,378,22,378
#ff7300,12,4,sch1,41,361,41,361,41,361
#ff7300,13,4,sch1,66,312,66,312,66,312
#64bbe3,14,4,sch1,68,352,418,352,4,450
#64bbe3,15,4,sch1,98,382,448,382,8,450
#69c242,16,4,sch1,3,397,3,397,3,397
#ff7300,17,4,sch1,86,317,86,317,86,317
#69c242,18,4,sch1,51,364,51,364,51,364
#64bbe3,19,4,sch1,37,371,387,371,12,450
#cf2030,20,4,sch1,93,336,93,336,93,336
#cf2030,21,4,sch1,85,332,85,332,85,332
#ff7300,22,4,sch1,12,344,12,344,12,344
#cf2030,23,4,sch1,58,317,58,317,58,317
#ffcc00,24,4,sch1,4,326,4,326,4,326
#69c242,25,4,sch1,16,400,16,400,16,400
#cf2030,26,4,sch1,58,338,58,338,58,338
#ff7300,27,4,sch1,70,367,70,367,70,367
#69c242,28,4,sch1,56,379,56,379,56,379
#cf2030,29,4,sch1,66,327,66,327,66,327
#69c242,30,4,sch1,64,314,64,314,64,314
#69c242,31,4,sch1,5,348,5,348,5,348
#ff7300,32,4,sch1,84,325,84,325,84,325
#ff7300,33,4,sch1,21,397,21,397,21,397
#64bbe3,34,4,sch1,45,363,395,363,16,450
#69c242,35,4,sch1,77,377,77,377,77,377
#69c242,36,4,sch1,83,376,83,376,83,376
#ff7300,37,4,sch1,20,356,20,356,20,356
#64bbe3,38,4,sch1,28,350,378,350,20,450
#ff7300,39,4,sch1,13,382,13,382,13,382
#69c242,40,4,sch1,75,362,75,362,75,362
#69c242,41,4,sch1,87,321,87,321,87,321
#69c242,42,4,sch1,100,369,100,369,100,369
#ff7300,43,4,sch1,17,317,17,317,17,317
#ff7300,44,4,sch1,34,332,34,332,34,332
#69c242,45,4,sch1,95,321,95,321,95,321
#ff7300,46,4,sch1,44,332,44,332,44,332
#ff7300,47,4,sch1,47,327,47,327,47,327
#64bbe3,48,4,sch1,18,360,368,360,24,450
#ff7300,49,4,sch1,91,345,91,345,91,345
#69c242,50,4,sch1,94,331,94,331,94,331
#69c242,51,4,sch1,81,309,81,309,81,309
#69c242,52,4,sch1,63,338,63,338,63,338
#ff7300,53,4,sch1,31,370,31,370,31,370
#cf2030,54,4,sch1,17,387,17,387,17,387
#ff7300,55,4,sch1,19,330,19,330,19,330
#ff7300,56,4,sch1,10,331,10,331,10,331
#ff7300,57,4,sch1,44,304,44,304,44,304
#69c242,58,4,sch1,78,382,78,382,78,382
#ff7300,59,4,sch1,93,382,93,382,93,382
#cf2030,60,4,sch1,3,383,3,383,3,383
#69c242,61,4,sch1,9,357,9,357,9,357
#69c242,62,4,sch1,63,390,63,390,63,390
#cf2030,63,4,sch1,65,301,65,301,65,301
#cf2030,64,4,sch1,100,356,100,356,100,356
#ff7300,65,4,sch1,24,365,24,365,24,365
#ffcc00,66,4,sch1,5,357,5,357,5,357
#cf2030,67,4,sch1,89,329,89,329,89,329
#ff7300,68,4,sch1,22,344,22,344,22,344
#ff7300,69,4,sch1,23,306,23,306,23,306
#cf2030,70,4,sch1,75,311,75,311,75,311
#cf2030,71,4,sch1,86,317,86,317,86,317
#69c242,72,4,sch1,11,378,11,378,11,378
#69c242,73,4,sch1,68,345,68,345,68,345
#69c242,74,4,sch1,34,392,34,392,34,392
#ff7300,75,4,sch1,13,382,13,382,13,382
#cf2030,76,4,sch1,17,312,17,312,17,312
#cf2030,77,4,sch1,91,394,91,394,91,394
#cf2030,78,4,sch1,40,312,40,312,40,312
#ff7300,79,4,sch1,43,399,43,399,43,399
#69c242,80,4,sch1,38,334,38,334,38,334
#ffcc00,81,4,sch1,85,367,85,367,85,367
#ff7300,82,4,sch1,80,341,80,341,80,341
#69c242,83,4,sch1,95,370,95,370,95,370
#69c242,84,4,sch1,20,373,20,373,20,373
#ff7300,85,4,sch1,3,340,3,340,3,340
#ff7300,86,4,sch1,9,332,9,332,9,332
#ff7300,87,4,sch1,21,327,21,327,21,327
#cf2030,88,4,sch1,2,300,2,300,2,300
#69c242,89,4,sch1,38,361,38,361,38,361
#cf2030,90,4,sch1,39,377,39,377,39,377
#69c242,91,4,sch1,82,342,82,342,82,342
#69c242,92,4,sch1,50,363,50,363,50,363
#ff7300,93,4,sch1,70,313,70,313,70,313
#69c242,94,4,sch1,82,324,82,324,82,324
#ff7300,95,4,sch1,25,322,25,322,25,322
#69c242,96,4,sch1,11,363,11,363,11,363
#69c242,97,4,sch1,33,332,33,332,33,332
#cf2030,98,4,sch1,28,351,28,351,28,351
#ff7300,99,4,sch1,64,376,64,376,64,376
#64bbe3,100,4,sch1,28,338,378,338,28,450
#69c242,101,4,sch1,64,305,64,305,64,305
#ff7300,102,4,sch1,91,383,91,383,91,383
#69c242,103,4,sch1,13,315,13,315,13,315
#69c242,104,4,sch1,33,324,33,324,33,324
#69c242,105,4,sch1,34,370,34,370,34,370
#cf2030,106,4,sch1,16,300,16,300,16,300
#64bbe3,107,4,sch1,70,392,420,392,32,450
#69c242,108,4,sch1,89,366,89,366,89,366
#cf2030,109,4,sch1,7,309,7,309,7,309
#ff7300,110,4,sch1,10,326,10,326,10,326
#ff7300,111,4,sch1,92,319,92,319,92,319
#64bbe3,112,4,sch1,0,310,350,310,36,450
#ff7300,113,4,sch1,5,302,5,302,5,302
#ff7300,114,4,sch1,10,386,10,386,10,386
#ff7300,115,4,sch1,68,316,68,316,68,316
#ff7300,116,4,sch1,4,380,4,380,4,380
#69c242,117,4,sch1,64,320,64,320,64,320
#ff7300,118,4,sch1,16,305,16,305,16,305
#69c242,119,4,sch1,94,326,94,326,94,326
#ffcc00,120,4,sch1,35,307,35,307,35,307
#ff7300,121,4,sch1,30,344,30,344,30,344
#cf2030,122,4,sch1,17,306,17,306,17,306
#cf2030,123,4,sch1,40,323,40,323,40,323
#69c242,124,4,sch1,80,366,80,366,80,366
#cf2030,125,4,sch1,31,354,31,354,31,354
#cf2030,126,4,sch1,37,323,37,323,37,323
#69c242,127,4,sch1,61,355,61,355,61,355
#ffcc00,128,4,sch1,68,378,68,378,68,378
#ff7300,129,4,sch1,59,325,59,325,59,325
#69c242,130,4,sch1,49,335,49,335,49,335
#cf2030,131,4,sch1,66,370,66,370,66,370
#69c242,132,4,sch1,2,314,2,314,2,314
#ff7300,133,4,sch1,63,336,63,336,63,336
#cf2030,134,4,sch1,29,324,29,324,29,324
#cf2030,135,4,sch1,27,365,27,365,27,365
#69c242,136,4,sch1,54,348,54,348,54,348
#69c242,137,4,sch1,63,383,63,383,63,383
#ff7300,138,4,sch1,58,319,58,319,58,319
#ff7300,139,4,sch1,41,368,41,368,41,368
#ff7300,140,4,sch1,59,308,59,308,59,308
#69c242,141,4,sch1,44,350,44,350,44,350
#69c242,142,4,sch1,18,343,18,343,18,343
#cf2030,143,4,sch1,96,323,96,323,96,323
#69c242,144,4,sch1,16,318,16,318,16,318
#69c242,145,4,sch1,88,346,88,346,88,346
#ff7300,146,4,sch1,62,324,62,324,62,324
#cf2030,147,4,sch1,86,349,86,349,86,349
#cf2030,148,4,sch1,51,309,51,309,51,309
#69c242,149,4,sch1,21,329,21,329,21,329
#69c242,150,4,sch1,64,380,64,380,64,380
#69c242,151,4,sch1,63,381,63,381,63,381
#69c242,152,4,sch1,75,324,75,324,75,324
#69c242,153,4,sch1,94,336,94,336,94,336
#69c242,154,4,sch1,28,398,28,398,28,398
#64bbe3,155,4,sch1,71,328,421,328,40,450
#cf2030,156,4,sch1,19,385,19,385,19,385
#69c242,157,4,sch1,73,383,73,383,73,383
#69c242,158,4,sch1,34,362,34,362,34,362
#69c242,159,4,sch1,37,357,37,357,37,357
#cf2030,160,4,sch1,57,328,57,328,57,328
#64bbe3,161,4,sch1,6,323,356,323,44,450
#69c242,162,4,sch1,73,301,73,301,73,301
#69c242,163,4,sch1,55,323,55,323,55,323
#cf2030,164,4,sch1,57,389,57,389,57,389
#69c242,165,4,sch1,75,370,75,370,75,370
#69c242,166,4,sch1,2,392,2,392,2,392
#69c242,167,4,sch1,79,305,79,305,79,305
#ff7300,168,4,sch1,57,395,57,395,57,395
#ff7300,169,4,sch1,88,323,88,323,88,323
#64bbe3,170,4,sch1,61,349,411,349,48,450
#ffcc00,171,4,sch1,30,370,30,370,30,370
#69c242,172,4,sch1,15,350,15,350,15,350
#ffcc00,173,4,sch1,87,366,87,366,87,366
#ff7300,174,4,sch1,0,356,0,356,0,356
#69c242,175,4,sch1,86,348,86,348,86,348
#ff7300,176,4,sch1,60,302,60,302,60,302
#cf2030,177,4,sch1,10,387,10,387,10,387
#69c242,178,4,sch1,72,323,72,323,72,323
#69c242,179,4,sch1,33,305,33,305,33,305
#ffcc00,180,4,sch1,41,330,41,330,41,330
#69c242,181,4,sch1,70,359,70,359,70,359
#69c242,182,4,sch1,9,343,9,343,9,343
#ffcc00,183,4,sch1,79,308,79,308,79,308
#69c242,184,4,sch1,5,377,5,377,5,377
#69c242,185,4,sch1,76,383,76,383,76,383
#ffcc00,186,4,sch1,12,398,12,398,12,398
#cf2030,187,4,sch1,85,394,85,394,85,394
#cf2030,188,4,sch1,42,310,42,310,42,310
#ffcc00,189,4,sch1,72,303,72,303,72,303
#69c242,190,4,sch1,78,337,78,337,78,337
#ff7300,191,4,sch1,32,322,32,322,32,322
#69c242,192,4,sch1,89,384,89,384,89,384
#69c242,193,4,sch1,20,399,20,399,20,399
#ff7300,194,4,sch1,98,318,98,318,98,318
#cf2030,195,4,sch1,96,399,96,399,96,399
#69c242,196,4,sch1,87,366,87,366,87,366
#cf2030,197,4,sch1,75,400,75,400,75,400
#ff7300,198,4,sch1,92,354,92,354,92,354
#69c242,199,4,sch1,89,350,89,350,89,350
#cf2030,200,4,sch1,12,337,12,337,12,337
#ff7300,201,4,sch1,8,373,8,373,8,373
#64bbe3,202,4,sch1,26,314,376,314,52,450
#cf2030,203,4,sch1,87,315,87,315,87,315
#69c242,204,4,sch1,13,393,13,393,13,393
#69c242,205,4,sch1,39,302,39,302,39,302
#64bbe3,206,4,sch1,63,325,413,325,56,450
#64bbe3,207,4,sch1,53,395,403,395,60,450
#69c242,208,4,sch1,5,333,5,333,5,333
#ff7300,209,4,sch1,33,379,33,379,33,379
#ff7300,210,4,sch1,88,354,88,354,88,354
#ff7300,211,4,sch1,35,357,35,357,35,357
#ffcc00,212,4,sch1,37,332,37,332,37,332
#69c242,213,4,sch1,33,314,33,314,33,314
#cf2030,214,4,sch1,66,374,66,374,66,374
#69c242,215,4,sch1,14,361,14,361,14,361
#ff7300,216,4,sch1,58,365,58,365,58,365
#69c242,217,4,sch1,32,355,32,355,32,355
#64bbe3,218,4,sch1,61,371,411,371,64,450
#64bbe3,219,4,sch1,43,346,393,346,68,450
#cf2030,220,4,sch1,95,306,95,306,95,306
#ff7300,221,4,sch1,72,334,72,334,72,334
#ffcc00,222,4,sch1,34,373,34,373,34,373
#ffcc00,223,4,sch1,50,339,50,339,50,339
#64bbe3,224,4,sch1,14,311,364,311,72,450
#64bbe3,0,4,sch2,245,250,595,250,76,450
#ffcc00,1,4,sch2,157,249,157,249,157,249
#ffcc00,2,4,sch2,157,195,157,195,157,195
#cf2030,3,4,sch2,207,233,207,233,207,233
#ff7300,4,4,sch2,160,158,160,158,160,158
#cf2030,5,4,sch2,191,187,191,187,191,187
#64bbe3,6,4,sch2,223,247,573,247,80,450
#cf2030,7,4,sch2,180,188,180,188,180,188
#ffcc00,8,4,sch2,248,217,248,217,248,217
#64bbe3,9,4,sch2,240,174,590,174,84,450
#64bbe3,10,4,sch2,207,165,557,165,88,450
#64bbe3,11,4,sch2,209,242,559,242,92,450
#64bbe3,12,4,sch2,226,183,576,183,96,450
#cf2030,13,4,sch2,184,157,184,157,184,157
#64bbe3,14,4,sch2,216,166,566,166,100,450
#cf2030,15,4,sch2,167,159,167,159,167,159
#64bbe3,16,4,sch2,178,168,528,168,104,450
#ffcc00,17,4,sch2,171,203,171,203,171,203
#cf2030,18,4,sch2,213,185,213,185,213,185
#ffcc00,19,4,sch2,195,186,195,186,195,186
#cf2030,20,4,sch2,216,205,216,205,216,205
#cf2030,21,4,sch2,203,160,203,160,203,160
#64bbe3,22,4,sch2,202,190,552,190,108,450
#ffcc00,23,4,sch2,188,218,188,218,188,218
#64bbe3,24,4,sch2,209,249,559,249,112,450
#cf2030,25,4,sch2,195,220,195,220,195,220
#64bbe3,26,4,sch2,223,238,573,238,116,450
#64bbe3,27,4,sch2,231,249,581,249,120,450
#64bbe3,28,4,sch2,186,183,536,183,124,450
#64bbe3,29,4,sch2,215,178,565,178,128,450
#ffcc00,30,4,sch2,157,235,157,235,157,235
#cf2030,31,4,sch2,235,235,235,235,235,235
#64bbe3,32,4,sch2,193,207,543,207,132,450
#cf2030,33,4,sch2,208,229,208,229,208,229
#ff7300,34,4,sch2,219,220,219,220,219,220
#cf2030,35,4,sch2,157,171,157,171,157,171
#ffcc00,36,4,sch2,203,182,203,182,203,182
#64bbe3,37,4,sch2,152,207,502,207,136,450
#cf2030,38,4,sch2,212,189,212,189,212,189
#ffcc00,39,4,sch2,209,152,209,152,209,152
#64bbe3,40,4,sch2,186,212,536,212,140,450
#64bbe3,41,4,sch2,199,237,549,237,144,450
#64bbe3,42,4,sch2,190,244,540,244,148,450
#ffcc00,43,4,sch2,210,235,210,235,210,235
#ffcc00,44,4,sch2,164,218,164,218,164,218
#cf2030,45,4,sch2,209,169,209,169,209,169
#ffcc00,46,4,sch2,183,227,183,227,183,227
#64bbe3,47,4,sch2,239,168,589,168,152,450
#cf2030,48,4,sch2,153,222,153,222,153,222
#64bbe3,49,4,sch2,234,249,584,249,156,450
#64bbe3,50,4,sch2,168,204,518,204,160,450
#64bbe3,51,4,sch2,211,164,561,164,164,450
#64bbe3,52,4,sch2,221,244,571,244,168,450
#64bbe3,53,4,sch2,180,222,530,222,172,450
#cf2030,54,4,sch2,244,198,244,198,244,198
#ffcc00,55,4,sch2,196,227,196,227,196,227
#64bbe3,56,4,sch2,179,234,529,234,176,450
#ffcc00,57,4,sch2,201,187,201,187,201,187
#64bbe3,58,4,sch2,241,184,591,184,180,450
#cf2030,59,4,sch2,150,249,150,249,150,249
#cf2030,60,4,sch2,184,214,184,214,184,214
#ff7300,61,4,sch2,214,198,214,198,214,198
#ffcc00,62,4,sch2,199,223,199,223,199,223
#64bbe3,63,4,sch2,210,200,560,200,184,450
#64bbe3,64,4,sch2,204,175,554,175,188,450
#64bbe3,65,4,sch2,160,185,510,185,192,450
#64bbe3,66,4,sch2,201,246,551,246,196,450
#64bbe3,67,4,sch2,223,182,573,182,200,450
#cf2030,68,4,sch2,246,156,246,156,246,156
#ffcc00,69,4,sch2,220,248,220,248,220,248
#ffcc00,70,4,sch2,212,224,212,224,212,224
#64bbe3,71,4,sch2,218,196,568,196,204,450
#64bbe3,72,4,sch2,249,188,599,188,208,450
#ffcc00,73,4,sch2,176,229,176,229,176,229
#cf2030,74,4,sch2,242,209,242,209,242,209
#64bbe3,75,4,sch2,208,180,558,180,212,450
#ffcc00,76,4,sch2,211,167,211,167,211,167
#ffcc00,77,4,sch2,161,152,161,152,161,152
#64bbe3,78,4,sch2,158,160,508,160,216,450
#cf2030,79,4,sch2,181,180,181,180,181,180
#64bbe3,80,4,sch2,179,172,529,172,220,450
#64bbe3,81,4,sch2,197,168,547,168,224,450
#cf2030,82,4,sch2,216,245,216,245,216,245
#64bbe3,83,4,sch2,211,154,561,154,228,450
#ff7300,84,4,sch2,248,185,248,185,248,185
#64bbe3,85,4,sch2,178,236,528,236,232,450
#ffcc00,86,4,sch2,213,196,213,196,213,196
#cf2030,87,4,sch2,246,212,246,212,246,212
#cf2030,88,4,sch2,219,176,219,176,219,176
#64bbe3,89,4,sch2,201,163,551,163,236,450
#ffcc00,90,4,sch2,245,234,245,234,245,234
#cf2030,91,4,sch2,170,153,170,153,170,153
#ffcc00,92,4,sch2,166,228,166,228,166,228
#cf2030,93,4,sch2,248,223,248,223,248,223
#64bbe3,94,4,sch2,244,246,594,246,240,450
#ffcc00,95,4,sch2,167,244,167,244,167,244
#cf2030,96,4,sch2,150,184,150,184,150,184
#cf2030,97,4,sch2,232,155,232,155,232,155
#cf2030,98,4,sch2,201,170,201,170,201,170
#ffcc00,99,4,sch2,248,249,248,249,248,249
#64bbe3,100,4,sch2,161,200,511,200,244,450
#cf2030,101,4,sch2,152,231,152,231,152,231
#64bbe3,102,4,sch2,202,223,552,223,248,450
#ffcc00,103,4,sch2,187,151,187,151,187,151
#ffcc00,104,4,sch2,245,213,245,213,245,213
#64bbe3,105,4,sch2,188,178,538,178,252,450
#ffcc00,106,4,sch2,205,232,205,232,205,232
#64bbe3,107,4,sch2,163,163,513,163,256,450
#ffcc00,108,4,sch2,235,188,235,188,235,188
#64bbe3,109,4,sch2,206,215,556,215,260,450
#cf2030,110,4,sch2,154,247,154,247,154,247
#64bbe3,111,4,sch2,150,196,500,196,264,450
#ffcc00,112,4,sch2,152,190,152,190,152,190
#ff7300,113,4,sch2,218,225,218,225,218,225
#64bbe3,114,4,sch2,243,150,593,150,268,450
#64bbe3,115,4,sch2,213,238,563,238,272,450
#64bbe3,116,4,sch2,232,174,582,174,276,450
#64bbe3,117,4,sch2,169,186,519,186,280,450
#ff7300,118,4,sch2,242,201,242,201,242,201
#ffcc00,119,4,sch2,229,195,229,195,229,195
#cf2030,120,4,sch2,219,182,219,182,219,182
#ffcc00,121,4,sch2,192,202,192,202,192,202
#64bbe3,122,4,sch2,192,214,542,214,284,450
#ffcc00,123,4,sch2,180,233,180,233,180,233
#ffcc00,124,4,sch2,176,183,176,183,176,183
#64bbe3,125,4,sch2,191,213,541,213,288,450
#ffcc00,126,4,sch2,175,169,175,169,175,169
#cf2030,127,4,sch2,191,178,191,178,191,178
#ff7300,128,4,sch2,242,164,242,164,242,164
#cf2030,129,4,sch2,182,202,182,202,182,202
#64bbe3,130,4,sch2,177,225,527,225,292,450
#cf2030,131,4,sch2,231,232,231,232,231,232
#64bbe3,132,4,sch2,239,234,589,234,296,450
#64bbe3,133,4,sch2,239,175,589,175,300,450
#64bbe3,134,4,sch2,155,204,505,204,304,450
#cf2030,135,4,sch2,248,202,248,202,248,202
#cf2030,136,4,sch2,170,154,170,154,170,154
#cf2030,137,4,sch2,238,162,238,162,238,162
#cf2030,138,4,sch2,164,214,164,214,164,214
#cf2030,139,4,sch2,180,221,180,221,180,221
#64bbe3,140,4,sch2,236,217,586,217,308,450
#ffcc00,141,4,sch2,198,248,198,248,198,248
#64bbe3,142,4,sch2,172,153,522,153,312,450
#64bbe3,143,4,sch2,234,171,584,171,316,450
#ff7300,144,4,sch2,210,154,210,154,210,154
#ffcc00,145,4,sch2,246,233,246,233,246,233
#cf2030,146,4,sch2,165,176,165,176,165,176
#64bbe3,147,4,sch2,193,223,543,223,320,450
#cf2030,148,4,sch2,177,192,177,192,177,192
#64bbe3,149,4,sch2,232,208,582,208,324,450
#64bbe3,150,4,sch2,179,155,529,155,328,450
#64bbe3,151,4,sch2,201,238,551,238,332,450
#64bbe3,152,4,sch2,157,178,507,178,336,450
#64bbe3,153,4,sch2,155,213,505,213,340,450
#64bbe3,154,4,sch2,166,200,516,200,344,450
#ffcc00,155,4,sch2,224,244,224,244,224,244
#64bbe3,156,4,sch2,204,179,554,179,348,450
#64bbe3,157,4,sch2,214,183,564,183,352,450
#ffcc00,158,4,sch2,217,232,217,232,217,232
#64bbe3,159,4,sch2,175,175,525,175,356,450
#64bbe3,160,4,sch2,244,230,594,230,360,450
#ffcc00,161,4,sch2,174,201,174,201,174,201
#64bbe3,162,4,sch2,153,152,503,152,364,450
#64bbe3,163,4,sch2,177,164,527,164,368,450
#ffcc00,164,4,sch2,167,234,167,234,167,234
#64bbe3,165,4,sch2,227,211,577,211,372,450
#64bbe3,166,4,sch2,243,174,593,174,376,450
#cf2030,167,4,sch2,154,169,154,169,154,169
#64bbe3,168,4,sch2,234,158,584,158,380,450
#64bbe3,169,4,sch2,154,193,504,193,384,450
#ff7300,170,4,sch2,175,180,175,180,175,180
#64bbe3,171,4,sch2,184,196,534,196,388,450
#64bbe3,172,4,sch2,156,196,506,196,392,450
#ffcc00,173,4,sch2,228,195,228,195,228,195
#cf2030,174,4,sch2,160,155,160,155,160,155
#64bbe3,175,4,sch2,206,243,556,243,396,450
#64bbe3,176,4,sch2,176,160,526,160,400,450
#64bbe3,177,4,sch2,187,234,537,234,404,450
#64bbe3,178,4,sch2,212,205,562,205,408,450
#64bbe3,179,4,sch2,244,166,594,166,412,450
#ffcc00,180,4,sch2,197,165,197,165,197,165
#ffcc00,181,4,sch2,180,188,180,188,180,188
#64bbe3,182,4,sch2,229,187,579,187,416,450
#ffcc00,183,4,sch2,211,225,211,225,211,225
#cf2030,184,4,sch2,178,249,178,249,178,249
#64bbe3,185,4,sch2,197,169,547,169,420,450
#64bbe3,186,4,sch2,182,242,532,242,424,450
#ffcc00,187,4,sch2,162,173,162,173,162,173
#cf2030,188,4,sch2,235,210,235,210,235,210
#cf2030,189,4,sch2,171,241,171,241,171,241
#cf2030,190,4,sch2,196,167,196,167,196,167
#64bbe3,191,4,sch2,236,206,586,206,428,450
#64bbe3,192,4,sch2,194,241,544,241,432,450
#64bbe3,193,4,sch2,196,176,546,176,436,450
#ffcc00,194,4,sch2,216,194,216,194,216,194
#64bbe3,195,4,sch2,201,169,551,169,440,450
#64bbe3,196,4,sch2,173,157,523,157,444,450
#64bbe3,197,4,sch2,170,227,520,227,448,450
#ff7300,198,4,sch2,200,150,200,150,200,150
#ffcc00,199,4,sch2,236,245,236,245,236,245
#ffcc00,200,4,sch2,241,208,241,208,241,208
#64bbe3,201,4,sch2,179,188,529,188,452,450
#64bbe3,202,4,sch2,163,207,513,207,456,450
#64bbe3,203,4,sch2,180,222,530,222,460,450
#cf2030,204,4,sch2,194,173,194,173,194,173
#64bbe3,205,4,sch2,158,167,508,167,464,450
#64bbe3,206,4,sch2,195,240,545,240,468,450
#64bbe3,207,4,sch2,240,161,590,161,472,450
#cf2030,208,4,sch2,157,190,157,190,157,190
#cf2030,209,4,sch2,169,207,169,207,169,207
#64bbe3,210,4,sch2,174,232,524,232,476,450
#64bbe3,211,4,sch2,188,163,538,163,480,450
#cf2030,212,4,sch2,219,235,219,235,219,235
#ffcc00,213,4,sch2,195,232,195,232,195,232
#64bbe3,214,4,sch2,204,173,554,173,484,450
#64bbe3,215,4,sch2,162,172,512,172,488,450
#ffcc00,216,4,sch2,236,223,236,223,236,223
#cf2030,217,4,sch2,213,171,213,171,213,171
#cf2030,218,4,sch2,173,191,173,191,173,191
#64bbe3,219,4,sch2,173,189,523,189,492,450
#cf2030,220,4,sch2,238,240,238,240,238,240
#64bbe3,221,4,sch2,176,246,526,246,496,450
#ffcc00,222,4,sch2,204,161,204,161,204,161
#ffcc00,223,4,sch2,224,247,224,247,224,247
#64bbe3,224,4,sch2,183,179,533,179,500,450
#64bbe3,225,4,sch2,163,236,513,236,504,450
#ffcc00,226,4,sch2,224,163,224,163,224,163
#cf2030,227,4,sch2,181,228,181,228,181,228
#64bbe3,228,4,sch2,186,210,536,210,508,450
#cf2030,229,4,sch2,174,211,174,211,174,211
#cf2030,230,4,sch2,189,161,189,161,189,161
#64bbe3,231,4,sch2,216,165,566,165,512,450
#ffcc00,232,4,sch2,242,166,242,166,242,166
#ffcc00,233,4,sch2,184,205,184,205,184,205
#cf2030,234,4,sch2,236,191,236,191,236,191
#ffcc00,235,4,sch2,227,232,227,232,227,232
#cf2030,236,4,sch2,206,223,206,223,206,223
#ffcc00,237,4,sch2,195,156,195,156,195,156
#64bbe3,238,4,sch2,176,183,526,183,516,450
#cf2030,239,4,sch2,246,172,246,172,246,172
#64bbe3,240,4,sch2,152,224,502,224,520,450
#cf2030,241,4,sch2,201,233,201,233,201,233
#64bbe3,242,4,sch2,246,247,596,247,524,450
#cf2030,243,4,sch2,164,191,164,191,164,191
#64bbe3,244,4,sch2,160,200,510,200,528,450
#ffcc00,245,4,sch2,151,213,151,213,151,213
#ffcc00,246,4,sch2,235,245,235,245,235,245
#64bbe3,247,4,sch2,161,175,511,175,532,450
#ffcc00,248,4,sch2,152,209,152,209,152,209
#64bbe3,249,4,sch2,244,227,594,227,536,450
#cf2030,250,4,sch2,250,199,250,199,250,199
#64bbe3,251,4,sch2,190,245,540,245,540,450
#cf2030,252,4,sch2,176,232,176,232,176,232
#ffcc00,253,4,sch2,158,183,158,183,158,183
#64bbe3,254,4,sch2,170,195,520,195,544,450
#64bbe3,255,4,sch2,191,162,541,162,548,450
#ff7300,256,4,sch2,163,245,163,245,163,245
#cf2030,257,4,sch2,243,171,243,171,243,171
#ff7300,258,4,sch2,208,210,208,210,208,210
#cf2030,259,4,sch2,244,195,244,195,244,195
#cf2030,260,4,sch2,160,225,160,225,160,225
#cf2030,261,4,sch2,204,185,204,185,204,185
#64bbe3,262,4,sch2,161,158,511,158,552,450
#cf2030,263,4,sch2,197,158,197,158,197,158
#64bbe3,264,4,sch2,240,246,590,246,556,450
#ff7300,265,4,sch2,229,205,229,205,229,205
#ffcc00,266,4,sch2,162,241,162,241,162,241
#ffcc00,267,4,sch2,213,233,213,233,213,233
#64bbe3,268,4,sch2,152,188,502,188,560,450
#ff7300,269,4,sch2,229,181,229,181,229,181
#64bbe3,270,4,sch2,181,164,531,164,564,450
#64bbe3,271,4,sch2,172,233,522,233,568,450
#ffcc00,272,4,sch2,249,173,249,173,249,173
#64bbe3,273,4,sch2,200,227,550,227,572,450
#ffcc00,274,4,sch2,163,225,163,225,163,225
#ffcc00,275,4,sch2,175,180,175,180,175,180
#ffcc00,276,4,sch2,238,213,238,213,238,213
#ff7300,277,4,sch2,156,216,156,216,156,216
#ff7300,278,4,sch2,223,175,223,175,223,175
#64bbe3,279,4,sch2,189,245,539,245,576,450
#cf2030,280,4,sch2,238,184,238,184,238,184
#64bbe3,281,4,sch2,232,203,582,203,580,450
#64bbe3,282,4,sch2,200,155,550,155,584,450
#64bbe3,283,4,sch2,205,200,555,200,588,450
#64bbe3,284,4,sch2,221,153,571,153,592,450
#cf2030,285,4,sch2,164,232,164,232,164,232
#64bbe3,286,4,sch2,242,154,592,154,596,450
#ffcc00,287,4,sch2,175,232,175,232,175,232
#ffcc00,288,4,sch2,220,240,220,240,220,240
#cf2030,289,4,sch2,228,247,228,247,228,247
#ffcc00,290,4,sch2,219,247,219,247,219,247
#64bbe3,291,4,sch2,228,248,578,248,600,450
#cf2030,292,4,sch2,224,220,224,220,224,220
#cf2030,293,4,sch2,161,236,161,236,161,236
#cf2030,294,4,sch2,194,218,194,218,194,218
#ffcc00,295,4,sch2,199,174,199,174,199,174
#cf2030,296,4,sch2,214,167,214,167,214,167
#cf2030,297,4,sch2,192,186,192,186,192,186
#cf2030,298,4,sch2,182,204,182,204,182,204
#cf2030,299,4,sch2,220,249,220,249,220,249
#ff7300,300,4,sch2,184,196,184,196,184,196
#64bbe3,301,4,sch2,204,212,554,212,604,450
#ffcc00,302,4,sch2,208,209,208,209,208,209
#cf2030,303,4,sch2,174,184,174,184,174,184
#ffcc00,304,4,sch2,158,164,158,164,158,164
#ffcc00,305,4,sch2,237,182,237,182,237,182
#ff7300,306,4,sch2,202,242,202,242,202,242
#64bbe3,307,4,sch2,249,195,599,195,608,450
#64bbe3,308,4,sch2,153,176,503,176,612,450
#64bbe3,309,4,sch2,238,206,588,206,616,450
#ffcc00,310,4,sch2,235,217,235,217,235,217
#ff7300,311,4,sch2,176,161,176,161,176,161
#ffcc00,312,4,sch2,172,228,172,228,172,228
#ffcc00,313,4,sch2,183,217,183,217,183,217
#ffcc00,314,4,sch2,194,248,194,248,194,248
#64bbe3,315,4,sch2,241,225,591,225,620,450
#64bbe3,316,4,sch2,244,155,594,155,624,450
#64bbe3,317,4,sch2,163,161,513,161,628,450
#cf2030,318,4,sch2,225,186,225,186,225,186
#64bbe3,319,4,sch2,211,154,561,154,632,450
#ffcc00,320,4,sch2,225,223,225,223,225,223
#64bbe3,321,4,sch2,153,202,503,202,636,450
#64bbe3,322,4,sch2,224,220,574,220,640,450
#ffcc00,323,4,sch2,197,150,197,150,197,150
#64bbe3,324,4,sch2,161,202,511,202,644,450
#ffcc00,325,4,sch2,200,194,200,194,200,194
#ffcc00,326,4,sch2,212,234,212,234,212,234
#64bbe3,327,4,sch2,193,201,543,201,648,450
#cf2030,328,4,sch2,242,221,242,221,242,221
#64bbe3,329,4,sch2,192,230,542,230,652,450
#cf2030,330,4,sch2,228,201,228,201,228,201
#64bbe3,331,4,sch2,171,241,521,241,656,450
#64bbe3,332,4,sch2,174,181,524,181,660,450
#cf2030,333,4,sch2,157,200,157,200,157,200
#64bbe3,334,4,sch2,190,247,540,247,664,450
#64bbe3,335,4,sch2,180,150,530,150,668,450
#ffcc00,336,4,sch2,194,176,194,176,194,176
#cf2030,337,4,sch2,236,157,236,157,236,157
#64bbe3,338,4,sch2,226,211,576,211,672,450
#64bbe3,339,4,sch2,198,234,548,234,676,450
#cf2030,340,4,sch2,188,186,188,186,188,186
#64bbe3,341,4,sch2,178,153,528,153,680,450
#ff7300,342,4,sch2,174,236,174,236,174,236
#64bbe3,343,4,sch2,193,162,543,162,684,450
#64bbe3,344,4,sch2,246,220,596,220,688,450
#ffcc00,345,4,sch2,199,158,199,158,199,158
#cf2030,346,4,sch2,173,179,173,179,173,179
#ffcc00,347,4,sch2,166,175,166,175,166,175
#64bbe3,348,4,sch2,225,247,575,247,692,450
#ffcc00,349,4,sch2,161,169,161,169,161,169
#ffcc00,350,4,sch2,248,244,248,244,248,244
#cf2030,351,4,sch2,183,250,183,250,183,250
#ffcc00,352,4,sch2,164,216,164,216,164,216
#64bbe3,353,4,sch2,207,216,557,216,696,450
#cf2030,354,4,sch2,163,192,163,192,163,192
#ff7300,355,4,sch2,189,211,189,211,189,211
#64bbe3,356,4,sch2,151,230,501,230,700,450
#64bbe3,357,4,sch2,237,190,587,190,704,450
#cf2030,358,4,sch2,209,183,209,183,209,183
#64bbe3,359,4,sch2,201,242,551,242,708,450
#64bbe3,360,4,sch2,160,188,510,188,712,450
#cf2030,361,4,sch2,225,249,225,249,225,249
#ffcc00,362,4,sch2,156,237,156,237,156,237
#64bbe3,363,4,sch2,246,244,596,244,716,450
#cf2030,364,4,sch2,167,154,167,154,167,154
#ffcc00,365,4,sch2,228,235,228,235,228,235
#ffcc00,366,4,sch2,169,162,169,162,169,162
#cf2030,367,4,sch2,150,216,150,216,150,216
#64bbe3,368,4,sch2,236,158,586,158,720,450
#ffcc00,369,4,sch2,202,212,202,212,202,212
#cf2030,370,4,sch2,207,150,207,150,207,150
#64bbe3,371,4,sch2,249,158,599,158,724,450
#ff7300,372,4,sch2,249,212,249,212,249,212
#64bbe3,373,4,sch2,164,150,514,150,728,450
#64bbe3,374,4,sch2,159,232,509,232,732,450
#ffcc00,375,4,sch2,154,226,154,226,154,226
#ffcc00,376,4,sch2,175,214,175,214,175,214
#cf2030,377,4,sch2,222,223,222,223,222,223
#cf2030,378,4,sch2,150,227,150,227,150,227
#ffcc00,379,4,sch2,195,158,195,158,195,158
#ff7300,380,4,sch2,187,179,187,179,187,179
#ffcc00,381,4,sch2,193,239,193,239,193,239
#ffcc00,382,4,sch2,208,188,208,188,208,188
#64bbe3,383,4,sch2,236,201,586,201,736,450
#64bbe3,384,4,sch2,207,219,557,219,740,450
#64bbe3,385,4,sch2,210,235,560,235,744,450
#64bbe3,386,4,sch2,204,242,554,242,748,450
#ff7300,387,4,sch2,160,173,160,173,160,173
#cf2030,388,4,sch2,248,185,248,185,248,185
#ffcc00,389,4,sch2,198,185,198,185,198,185
#ffcc00,390,4,sch2,186,238,186,238,186,238
#64bbe3,391,4,sch2,178,176,528,176,752,450
#cf2030,392,4,sch2,225,211,225,211,225,211
#ffcc00,393,4,sch2,167,230,167,230,167,230
#cf2030,394,4,sch2,217,196,217,196,217,196
#ffcc00,395,4,sch2,245,200,245,200,245,200
#cf2030,396,4,sch2,231,167,231,167,231,167
#ffcc00,397,4,sch2,220,171,220,171,220,171
#ffcc00,398,4,sch2,189,179,189,179,189,179
#ffcc00,399,4,sch2,157,178,157,178,157,178
#ffcc00,400,4,sch2,225,235,225,235,225,235
#64bbe3,401,4,sch2,150,201,500,201,756,450
#ffcc00,402,4,sch2,217,183,217,183,217,183
#64bbe3,403,4,sch2,171,169,521,169,760,450
#ffcc00,404,4,sch2,216,171,216,171,216,171
#64bbe3,405,4,sch2,186,210,536,210,764,450
#64bbe3,406,4,sch2,198,213,548,213,768,450
#64bbe3,407,4,sch2,247,194,597,194,772,450
#ffcc00,408,4,sch2,175,160,175,160,175,160
#64bbe3,409,4,sch2,210,166,560,166,776,450
#ffcc00,410,4,sch2,206,187,206,187,206,187
#64bbe3,411,4,sch2,195,182,545,182,780,450
#cf2030,412,4,sch2,199,162,199,162,199,162
#64bbe3,413,4,sch2,248,228,598,228,784,450
#cf2030,414,4,sch2,191,246,191,246,191,246
#ffcc00,415,4,sch2,214,248,214,248,214,248
#cf2030,416,4,sch2,209,234,209,234,209,234
#ffcc00,417,4,sch2,204,244,204,244,204,244
#cf2030,418,4,sch2,180,196,180,196,180,196
#64bbe3,419,4,sch2,151,182,501,182,788,450
#ffcc00,420,4,sch2,157,204,157,204,157,204
#64bbe3,421,4,sch2,172,192,522,192,792,450
#cf2030,422,4,sch2,210,199,210,199,210,199
#cf2030,423,4,sch2,175,239,175,239,175,239
#ffcc00,424,4,sch2,224,245,224,245,224,245
#ffcc00,425,4,sch2,173,170,173,170,173,170
#64bbe3,426,4,sch2,224,226,574,226,796,450
#64bbe3,427,4,sch2,190,186,540,186,800,450
#cf2030,428,4,sch2,170,155,170,155,170,155
#64bbe3,429,4,sch2,187,192,537,192,804,450
#ffcc00,430,4,sch2,169,208,169,208,169,208
#ffcc00,431,4,sch2,170,224,170,224,170,224
#64bbe3,432,4,sch2,207,163,557,163,808,450
#ff7300,433,4,sch2,202,191,202,191,202,191
#64bbe3,434,4,sch2,218,150,568,150,812,450
#64bbe3,435,4,sch2,216,165,566,165,816,450
#64bbe3,436,4,sch2,216,185,566,185,820,450
#64bbe3,437,4,sch2,235,170,585,170,824,450
#64bbe3,438,4,sch2,162,160,512,160,828,450
#cf2030,439,4,sch2,169,235,169,235,169,235
#64bbe3,440,4,sch2,167,160,517,160,832,450
#64bbe3,441,4,sch2,231,204,581,204,836,450
#ffcc00,442,4,sch2,250,196,250,196,250,196
#cf2030,443,4,sch2,163,227,163,227,163,227
#cf2030,444,4,sch2,207,182,207,182,207,182
#ffcc00,445,4,sch2,232,195,232,195,232,195
#ffcc00,446,4,sch2,243,246,243,246,243,246
#cf2030,447,4,sch2,177,173,177,173,177,173
#cf2030,448,4,sch2,171,197,171,197,171,197
#64bbe3,449,4,sch2,170,246,520,246,840,450
#ff7300,450,4,sch2,154,210,154,210,154,210
#cf2030,451,4,sch2,209,156,209,156,209,156
#64bbe3,452,4,sch2,249,174,599,174,844,450
#64bbe3,453,4,sch2,205,246,555,246,848,450
#64bbe3,454,4,sch2,169,176,519,176,852,450
#ffcc00,455,4,sch2,179,184,179,184,179,184
#64bbe3,456,4,sch2,232,176,582,176,856,450
#64bbe3,457,4,sch2,182,224,532,224,860,450
#64bbe3,458,4,sch2,220,225,570,225,864,450
#64bbe3,459,4,sch2,184,162,534,162,868,450
#64bbe3,460,4,sch2,188,158,538,158,872,450
#64bbe3,461,4,sch2,188,201,538,201,876,450
#cf2030,462,4,sch2,213,190,213,190,213,190
#64bbe3,463,4,sch2,231,198,581,198,880,450
#64bbe3,464,4,sch2,160,215,510,215,884,450
#cf2030,465,4,sch2,220,166,220,166,220,166
#ffcc00,466,4,sch2,216,202,216,202,216,202
#ffcc00,467,4,sch2,245,155,245,155,245,155
#ff7300,468,4,sch2,247,181,247,181,247,181
#ffcc00,469,4,sch2,213,229,213,229,213,229
#64bbe3,470,4,sch2,158,193,508,193,888,450
#64bbe3,471,4,sch2,184,243,534,243,892,450
#cf2030,472,4,sch2,165,157,165,157,165,157
#ff7300,473,4,sch2,240,207,240,207,240,207
#64bbe3,474,4,sch2,217,175,567,175,896,450
#ffcc00,475,4,sch2,180,162,180,162,180,162
#64bbe3,476,4,sch2,192,186,542,186,900,450
#cf2030,477,4,sch2,206,206,206,206,206,206
#64bbe3,478,4,sch2,215,231,565,231,904,450
#ffcc00,479,4,sch2,171,201,171,201,171,201
#ffcc00,480,4,sch2,229,174,229,174,229,174
#64bbe3,481,4,sch2,215,242,565,242,908,450
#cf2030,482,4,sch2,250,215,250,215,250,215
#64bbe3,483,4,sch2,189,248,539,248,912,450
#64bbe3,484,4,sch2,228,245,578,245,916,450
#ffcc00,485,4,sch2,168,238,168,238,168,238
#64bbe3,486,4,sch2,163,238,513,238,920,450
#64bbe3,487,4,sch2,167,192,517,192,924,450
#cf2030,488,4,sch2,236,173,236,173,236,173
#64bbe3,489,4,sch2,155,247,505,247,928,450
#64bbe3,490,4,sch2,151,161,501,161,932,450
#64bbe3,491,4,sch2,150,207,500,207,936,450
#ff7300,492,4,sch2,168,183,168,183,168,183
#64bbe3,493,4,sch2,239,222,589,222,940,450
#64bbe3,494,4,sch2,163,249,513,249,944,450
#ffcc00,495,4,sch2,184,234,184,234,184,234
#ff7300,496,4,sch2,237,248,237,248,237,248
#64bbe3,497,4,sch2,212,242,562,242,948,450
#ffcc00,498,4,sch2,162,250,162,250,162,250
#64bbe3,499,4,sch2,170,230,520,230,952,450
#cf2030,0,4,sch3,4,16,4,16,4,16
#ffcc00,1,4,sch3,53,85,53,85,53,85
#69c242,2,4,sch3,11,6,11,6,11,6
#cf2030,3,4,sch3,79,38,79,38,79,38
#cf2030,4,4,sch3,98,40,98,40,98,40
#ff7300,5,4,sch3,85,21,85,21,85,21
#cf2030,6,4,sch3,12,36,12,36,12,36
#ff7300,7,4,sch3,96,59,96,59,96,59
#cf2030,8,4,sch3,7,25,7,25,7,25
#69c242,9,4,sch3,1,94,1,94,1,94
#ff7300,10,4,sch3,80,24,80,24,80,24
#ff7300,11,4,sch3,52,92,52,92,52,92
#cf2030,12,4,sch3,6,51,6,51,6,51
#cf2030,13,4,sch3,70,84,70,84,70,84
#ffcc00,14,4,sch3,81,71,81,71,81,71
#ff7300,15,4,sch3,52,79,52,79,52,79
#cf2030,16,4,sch3,31,49,31,49,31,49
#cf2030,17,4,sch3,14,63,14,63,14,63
#cf2030,18,4,sch3,78,98,78,98,78,98
#69c242,19,4,sch3,44,35,44,35,44,35
#ffcc00,20,4,sch3,12,24,12,24,12,24
#cf2030,21,4,sch3,72,98,72,98,72,98
#ffcc00,22,4,sch3,77,80,77,80,77,80
#cf2030,23,4,sch3,52,21,52,21,52,21
#ffcc00,24,4,sch3,40,28,40,28,40,28
#ffcc00,25,4,sch3,52,52,52,52,52,52
#69c242,26,4,sch3,77,95,77,95,77,95
#cf2030,27,4,sch3,84,18,84,18,84,18
#cf2030,28,4,sch3,52,28,52,28,52,28
#cf2030,29,4,sch3,89,27,89,27,89,27
#69c242,30,4,sch3,43,63,43,63,43,63
#ff7300,31,4,sch3,98,62,98,62,98,62
#cf2030,32,4,sch3,42,4,42,4,42,4
#cf2030,33,4,sch3,40,52,40,52,40,52
#69c242,34,4,sch3,89,28,89,28,89,28
#cf2030,35,4,sch3,81,34,81,34,81,34
#ffcc00,36,4,sch3,85,85,85,85,85,85
#ffcc00,37,4,sch3,29,74,29,74,29,74
#cf2030,38,4,sch3,7,42,7,42,7,42
#cf2030,39,4,sch3,66,89,66,89,66,89
#69c242,40,4,sch3,38,26,38,26,38,26
#ffcc00,41,4,sch3,88,73,88,73,88,73
#ff7300,42,4,sch3,36,27,36,27,36,27
#cf2030,43,4,sch3,28,8,28,8,28,8
#69c242,44,4,sch3,27,38,27,38,27,38
#cf2030,45,4,sch3,72,69,72,69,72,69
#ff7300,46,4,sch3,100,56,100,56,100,56
#ffcc00,47,4,sch3,47,83,47,83,47,83
#ff7300,48,4,sch3,15,63,15,63,15,63
#ff7300,49,4,sch3,41,6,41,6,41,6
#cf2030,50,4,sch3,0,49,0,49,0,49
#ffcc00,51,4,sch3,55,54,55,54,55,54
#cf2030,52,4,sch3,51,93,51,93,51,93
#cf2030,53,4,sch3,85,23,85,23,85,23
#69c242,54,4,sch3,56,18,56,18,56,18
#ffcc00,55,4,sch3,73,44,73,44,73,44
#cf2030,56,4,sch3,79,8,79,8,79,8
#cf2030,57,4,sch3,67,37,67,37,67,37
#ff7300,58,4,sch3,45,50,45,50,45,50
#69c242,59,4,sch3,30,92,30,92,30,92
#ff7300,60,4,sch3,81,34,81,34,81,34
#cf2030,61,4,sch3,21,89,21,89,21,89
#64bbe3,62,4,sch3,93,12,443,12,956,450
#ffcc00,63,4,sch3,21,70,21,70,21,70
#cf2030,64,4,sch3,0,27,0,27,0,27
#ffcc00,65,4,sch3,1,77,1,77,1,77
#ff7300,66,4,sch3,46,58,46,58,46,58
#69c242,67,4,sch3,84,11,84,11,84,11
#ff7300,68,4,sch3,14,96,14,96,14,96
#cf2030,69,4,sch3,90,11,90,11,90,11
#cf2030,70,4,sch3,67,66,67,66,67,66
#ffcc00,71,4,sch3,64,11,64,11,64,11
#cf2030,72,4,sch3,33,91,33,91,33,91
#cf2030,73,4,sch3,3,25,3,25,3,25
#ff7300,74,4,sch3,10,1,10,1,10,1
#69c242,75,4,sch3,99,43,99,43,99,43
#cf2030,76,4,sch3,70,55,70,55,70,55
#cf2030,77,4,sch3,21,55,21,55,21,55
#69c242,78,4,sch3,37,69,37,69,37,69
#cf2030,79,4,sch3,97,14,97,14,97,14
#cf2030,80,4,sch3,31,45,31,45,31,45
#ffcc00,81,4,sch3,3,32,3,32,3,32
#69c242,82,4,sch3,96,75,96,75,96,75
#ffcc00,83,4,sch3,15,8,15,8,15,8
#cf2030,84,4,sch3,98,21,98,21,98,21
#69c242,85,4,sch3,3,49,3,49,3,49
#69c242,86,4,sch3,98,92,98,92,98,92
#ff7300,87,4,sch3,76,58,76,58,76,58
#69c242,88,4,sch3,62,65,62,65,62,65
#ffcc00,89,4,sch3,89,13,89,13,89,13
#cf2030,90,4,sch3,78,95,78,95,78,95
#cf2030,91,4,sch3,56,31,56,31,56,31
#ff7300,92,4,sch3,18,3,18,3,18,3
#69c242,93,4,sch3,45,4,45,4,45,4
#ffcc00,94,4,sch3,28,20,28,20,28,20
#ff7300,95,4,sch3,74,24,74,24,74,24
#ffcc00,96,4,sch3,13,85,13,85,13,85
#ff7300,97,4,sch3,23,54,23,54,23,54
#ff7300,98,4,sch3,60,63,60,63,60,63
#cf2030,99,4,sch3,76,7,76,7,76,7
#69c242,100,4,sch3,20,56,20,56,20,56
#ffcc00,101,4,sch3,56,97,56,97,56,97
#ffcc00,102,4,sch3,46,47,46,47,46,47
#ff7300,103,4,sch3,14,4,14,4,14,4
#69c242,104,4,sch3,50,99,50,99,50,99
#ffcc00,105,4,sch3,92,14,92,14,92,14
#cf2030,106,4,sch3,23,8,23,8,23,8
#cf2030,107,4,sch3,56,90,56,90,56,90
#cf2030,108,4,sch3,59,79,59,79,59,79
#cf2030,109,4,sch3,0,90,0,90,0,90
#cf2030,110,4,sch3,18,57,18,57,18,57
#cf2030,111,4,sch3,2,86,2,86,2,86
#ffcc00,112,4,sch3,96,95,96,95,96,95
#cf2030,113,4,sch3,3,65,3,65,3,65
#69c242,114,4,sch3,77,21,77,21,77,21
#ff7300,115,4,sch3,59,49,59,49,59,49
#ffcc00,116,4,sch3,14,14,14,14,14,14
#69c242,117,4,sch3,56,9,56,9,56,9
#ff7300,118,4,sch3,48,42,48,42,48,42
#cf2030,119,4,sch3,7,90,7,90,7,90
#ff7300,120,4,sch3,72,38,72,38,72,38
#ff7300,121,4,sch3,1,44,1,44,1,44
#cf2030,122,4,sch3,26,35,26,35,26,35
#cf2030,123,4,sch3,43,64,43,64,43,64
#cf2030,124,4,sch3,85,42,85,42,85,42
#ffcc00,125,4,sch3,4,6,4,6,4,6
#ffcc00,126,4,sch3,56,15,56,15,56,15
#69c242,127,4,sch3,79,73,79,73,79,73
#cf2030,128,4,sch3,78,96,78,96,78,96
#cf2030,129,4,sch3,23,84,23,84,23,84
#ff7300,130,4,sch3,23,47,23,47,23,47
#cf2030,131,4,sch3,69,19,69,19,69,19
#cf2030,132,4,sch3,94,76,94,76,94,76
#69c242,133,4,sch3,53,63,53,63,53,63
#cf2030,134,4,sch3,18,24,18,24,18,24
#69c242,135,4,sch3,73,91,73,91,73,91
#69c242,136,4,sch3,2,58,2,58,2,58
#ffcc00,137,4,sch3,85,67,85,67,85,67
#cf2030,138,4,sch3,15,94,15,94,15,94
#69c242,139,4,sch3,31,39,31,39,31,39
#cf2030,140,4,sch3,65,14,65,14,65,14
#cf2030,141,4,sch3,37,18,37,18,37,18
#cf2030,142,4,sch3,73,59,73,59,73,59
#cf2030,143,4,sch3,60,26,60,26,60,26
#cf2030,144,4,sch3,96,51,96,51,96,51
#ff7300,145,4,sch3,8,7,8,7,8,7
#ff7300,146,4,sch3,86,100,86,100,86,100
#cf2030,147,4,sch3,31,71,31,71,31,71
#cf2030,148,4,sch3,50,95,50,95,50,95
#69c242,149,4,sch3,66,58,66,58,66,58
#ffcc00,150,4,sch3,33,56,33,56,33,56
#ffcc00,151,4,sch3,36,63,36,63,36,63
#ffcc00,152,4,sch3,94,10,94,10,94,10
#ff7300,153,4,sch3,27,90,27,90,27,90
#69c242,154,4,sch3,4,95,4,95,4,95
#ffcc00,155,4,sch3,3,65,3,65,3,65
#cf2030,156,4,sch3,46,5,46,5,46,5
#69c242,157,4,sch3,5,91,5,91,5,91
#ffcc00,158,4,sch3,96,16,96,16,96,16
#69c242,159,4,sch3,2,43,2,43,2,43
#ffcc00,160,4,sch3,79,76,79,76,79,76
#ffcc00,161,4,sch3,80,92,80,92,80,92
#ffcc00,162,4,sch3,78,100,78,100,78,100
#ffcc00,163,4,sch3,29,47,29,47,29,47
#ffcc00,164,4,sch3,6,92,6,92,6,92
#ffcc00,165,4,sch3,10,47,10,47,10,47
#69c242,166,4,sch3,38,47,38,47,38,47
#ffcc00,167,4,sch3,21,86,21,86,21,86
#69c242,168,4,sch3,93,3,93,3,93,3
#cf2030,169,4,sch3,89,79,89,79,89,79
#ff7300,170,4,sch3,28,64,28,64,28,64
#ffcc00,171,4,sch3,27,73,27,73,27,73
#cf2030,172,4,sch3,63,53,63,53,63,53
#ffcc00,173,4,sch3,10,61,10,61,10,61
#69c242,174,4,sch3,87,90,87,90,87,90
#ff7300,175,4,sch3,56,33,56,33,56,33
#cf2030,176,4,sch3,44,24,44,24,44,24
#cf2030,177,4,sch3,28,12,28,12,28,12
#cf2030,178,4,sch3,92,54,92,54,92,54
#cf2030,179,4,sch3,35,7,35,7,35,7
#ff7300,180,4,sch3,9,39,9,39,9,39
#69c242,181,4,sch3,96,73,96,73,96,73
#ff7300,182,4,sch3,26,39,26,39,26,39
#cf2030,183,4,sch3,82,24,82,24,82,24
#cf2030,184,4,sch3,48,20,48,20,48,20
#ff7300,185,4,sch3,20,70,20,70,20,70
#ffcc00,186,4,sch3,76,81,76,81,76,81
#ffcc00,187,4,sch3,22,25,22,25,22,25
#64bbe3,188,4,sch3,18,53,368,53,960,450
#69c242,189,4,sch3,26,57,26,57,26,57
#cf2030,190,4,sch3,22,36,22,36,22,36
#64bbe3,191,4,sch3,6,59,356,59,964,450
#cf2030,192,4,sch3,48,7,48,7,48,7
#cf2030,193,4,sch3,18,85,18,85,18,85
#cf2030,194,4,sch3,45,99,45,99,45,99
#ffcc00,195,4,sch3,2,63,2,63,2,63
#69c242,196,4,sch3,38,64,38,64,38,64
#ffcc00,197,4,sch3,97,55,97,55,97,55
#cf2030,198,4,sch3,47,90,47,90,47,90
#69c242,199,4,sch3,2,10,2,10,2,10
#cf2030,200,4,sch3,76,57,76,57,76,57
#cf2030,201,4,sch3,84,81,84,81,84,81
#cf2030,202,4,sch3,80,82,80,82,80,82
#ff7300,203,4,sch3,23,15,23,15,23,15
#cf2030,204,4,sch3,35,30,35,30,35,30
#ff7300,205,4,sch3,19,57,19,57,19,57
#ffcc00,206,4,sch3,8,29,8,29,8,29
#69c242,207,4,sch3,62,28,62,28,62,28
#ff7300,208,4,sch3,62,12,62,12,62,12
#cf2030,209,4,sch3,35,68,35,68,35,68
#cf2030,210,4,sch3,99,56,99,56,99,56
#cf2030,211,4,sch3,51,98,51,98,51,98
#cf2030,212,4,sch3,33,20,33,20,33,20
#69c242,213,4,sch3,11,78,11,78,11,78
#ff7300,214,4,sch3,90,31,90,31,90,31
#ffcc00,215,4,sch3,20,48,20,48,20,48
#cf2030,216,4,sch3,23,9,23,9,23,9
#cf2030,217,4,sch3,38,31,38,31,38,31
#ffcc00,218,4,sch3,78,53,78,53,78,53
#cf2030,219,4,sch3,7,35,7,35,7,35
#cf2030,220,4,sch3,81,87,81,87,81,87
#cf2030,221,4,sch3,79,81,79,81,79,81
#cf2030,222,4,sch3,59,73,59,73,59,73
#cf2030,223,4,sch3,76,12,76,12,76,12
#ffcc00,224,4,sch3,9,65,9,65,9,65
#cf2030,225,4,sch3,66,46,66,46,66,46
#ffcc00,226,4,sch3,21,10,21,10,21,10
#ff7300,227,4,sch3,22,86,22,86,22,86
#cf2030,228,4,sch3,5,84,5,84,5,84
#69c242,229,4,sch3,2,73,2,73,2,73
#69c242,230,4,sch3,50,74,50,74,50,74
#ffcc00,231,4,sch3,87,54,87,54,87,54
#cf2030,232,4,sch3,0,43,0,43,0,43
#cf2030,233,4,sch3,69,29,69,29,69,29
#ff7300,234,4,sch3,31,21,31,21,31,21
#69c242,235,4,sch3,100,78,100,78,100,78
#cf2030,236,4,sch3,17,64,17,64,17,64
#69c242,237,4,sch3,10,67,10,67,10,67
#cf2030,238,4,sch3,61,22,61,22,61,22
#cf2030,239,4,sch3,49,45,49,45,49,45
#ff7300,240,4,sch3,85,68,85,68,85,68
#ffcc00,241,4,sch3,82,80,82,80,82,80
#cf2030,242,4,sch3,67,89,67,89,67,89
#cf2030,243,4,sch3,61,58,61,58,61,58
#ffcc00,244,4,sch3,75,54,75,54,75,54
#cf2030,245,4,sch3,9,70,9,70,9,70
#69c242,246,4,sch3,25,62,25,62,25,62
#ffcc00,247,4,sch3,65,93,65,93,65,93
#69c242,248,4,sch3,29,59,29,59,29,59
#69c242,249,4,sch3,13,66,13,66,13,66
#ff7300,250,4,sch3,13,91,13,91,13,91
#69c242,251,4,sch3,46,100,46,100,46,100
#ffcc00,252,4,sch3,70,67,70,67,70,67
#69c242,253,4,sch3,36,52,36,52,36,52
#cf2030,254,4,sch3,96,33,96,33,96,33
#ffcc00,255,4,sch3,27,52,27,52,27,52
#cf2030,256,4,sch3,59,70,59,70,59,70
#ffcc00,257,4,sch3,61,65,61,65,61,65
#cf2030,258,4,sch3,52,80,52,80,52,80
#cf2030,259,4,sch3,21,54,21,54,21,54
#cf2030,260,4,sch3,84,5,84,5,84,5
#69c242,261,4,sch3,30,95,30,95,30,95
#69c242,262,4,sch3,43,71,43,71,43,71
#cf2030,263,4,sch3,90,87,90,87,90,87
#ff7300,264,4,sch3,59,100,59,100,59,100
#cf2030,265,4,sch3,0,43,0,43,0,43
#cf2030,266,4,sch3,1,5,1,5,1,5
#cf2030,267,4,sch3,8,17,8,17,8,17
#ffcc00,268,4,sch3,26,76,26,76,26,76
#ffcc00,269,4,sch3,92,4,92,4,92,4
#cf2030,270,4,sch3,99,0,99,0,99,0
#ffcc00,271,4,sch3,62,36,62,36,62,36
#ffcc00,272,4,sch3,79,71,79,71,79,71
#69c242,273,4,sch3,29,16,29,16,29,16
#ffcc00,274,4,sch3,38,5,38,5,38,5
#cf2030,275,4,sch3,26,94,26,94,26,94
#ff7300,276,4,sch3,10,78,10,78,10,78
#cf2030,277,4,sch3,90,18,90,18,90,18
#69c242,278,4,sch3,43,75,43,75,43,75
#cf2030,279,4,sch3,57,95,57,95,57,95
#ffcc00,280,4,sch3,44,92,44,92,44,92
#cf2030,281,4,sch3,55,97,55,97,55,97
#cf2030,282,4,sch3,50,29,50,29,50,29
#69c242,283,4,sch3,86,85,86,85,86,85
#cf2030,284,4,sch3,68,55,68,55,68,55
#cf2030,285,4,sch3,13,87,13,87,13,87
#cf2030,286,4,sch3,13,50,13,50,13,50
#ffcc00,287,4,sch3,0,76,0,76,0,76
#ffcc00,288,4,sch3,83,65,83,65,83,65
#ffcc00,289,4,sch3,5,89,5,89,5,89
#ff7300,290,4,sch3,30,59,30,59,30,59
#ff7300,291,4,sch3,41,39,41,39,41,39
#ffcc00,292,4,sch3,82,83,82,83,82,83
#cf2030,293,4,sch3,91,70,91,70,91,70
#cf2030,294,4,sch3,76,78,76,78,76,78
#cf2030,295,4,sch3,34,13,34,13,34,13
#ff7300,296,4,sch3,6,7,6,7,6,7
#cf2030,297,4,sch3,49,62,49,62,49,62
#ffcc00,298,4,sch3,12,98,12,98,12,98
#ff7300,299,4,sch3,62,23,62,23,62,23
